Regime,VaR_95,VaR_99,CVaR_95,CVaR_99
normal,2981520.85212177,4403378.127115906,3834442.6325532366,5110358.451371071
bull,1639632.2964059666,2704342.380999022,2276103.451221316,3161741.6639880203
bear,4592282.452261924,6215037.5681826975,5607338.8865487,7020111.038736951
high_vol,6708154.508518464,9529506.057762742,8434148.775353216,10894509.262070715
low_liquidity,3007041.546237483,4592131.831807459,3926877.3362930487,5315665.003955546
crisis,30732757.99139532,32678866.66738854,31966269.076268,33757158.657069474
